event_time,coef,se,pval,sig,pretrend_p
-3,0.002717,0.003248,0.403107,,0.515876
-2,-0.000336,0.003657,0.926809,,0.515876
-1,0.000000,0.000000,1.000000,,0.515876
0,0.004811,0.003754,0.200214,,0.515876
1,0.005390,0.004007,0.178782,,0.515876
2,0.001839,0.004364,0.673542,,0.515876
3,-0.001426,0.004683,0.760791,,0.515876
