event_time,coef,se,pval,sig,pretrend_p
-3,-0.004040,0.003633,0.266317,,0.483458
-2,-0.004675,0.004508,0.299891,,0.483458
-1,0.000000,0.000000,1.000000,,0.483458
0,0.001973,0.004096,0.630172,,0.483458
1,0.005148,0.004507,0.253624,,0.483458
2,0.003477,0.004600,0.449869,,0.483458
3,0.001656,0.004616,0.719795,,0.483458
