event_time,coef,se,pval,sig,pretrend_p
-3,0.002800,0.016347,0.864010,,0.895105
-2,0.005934,0.015160,0.695514,,0.895105
-1,0.000000,0.000000,1.000000,,0.895105
0,-0.000667,0.014465,0.963249,,0.895105
1,0.003790,0.019139,0.843043,,0.895105
2,0.009496,0.018317,0.604248,,0.895105
3,0.004010,0.014729,0.785488,,0.895105
