event_time,coef,se,pval,sig,pretrend_p
-3,-0.003592,0.004037,0.373756,,0.630164
-2,-0.003811,0.004562,0.403673,,0.630164
-1,0.000000,0.000000,1.000000,,0.630164
0,0.001429,0.004260,0.737326,,0.630164
1,0.004889,0.004454,0.272513,,0.630164
2,0.004611,0.004611,0.317430,,0.630164
3,0.001707,0.004554,0.707817,,0.630164
