event_time,coef,se,pval,sig,pretrend_p
-3,0.001276,0.003320,0.700723,,0.503155
-2,-0.002398,0.003597,0.505211,,0.503155
-1,0.000000,0.000000,1.000000,,0.503155
0,0.000306,0.003526,0.930804,,0.503155
1,0.001998,0.004103,0.626364,,0.503155
2,-0.000233,0.004348,0.957357,,0.503155
3,-0.002132,0.004116,0.604523,,0.503155
