event_time,coef,se,pval,sig,pretrend_p
-3,0.008077,0.005277,0.126111,,0.212445
-2,0.001559,0.006711,0.816339,,0.212445
-1,0.000000,0.000000,1.000000,,0.212445
0,0.005937,0.006133,0.333177,,0.212445
1,0.001083,0.005900,0.854315,,0.212445
2,-0.000281,0.005899,0.962021,,0.212445
3,-0.000600,0.007033,0.932042,,0.212445
