event_time,coef,se,pval,sig,pretrend_p
-3,0.000956,0.003377,0.777111,,0.780511
-2,-0.001274,0.003728,0.732705,,0.780511
-1,0.000000,0.000000,1.000000,,0.780511
0,0.001898,0.003788,0.616440,,0.780511
1,0.003228,0.004529,0.476140,,0.780511
2,0.001030,0.004870,0.832554,,0.780511
3,-0.001664,0.004945,0.736544,,0.780511
