event_time,coef,se,pval,sig,pretrend_p
-3,0.007482,0.005054,0.139002,,0.193240
-2,0.000489,0.006958,0.943996,,0.193240
-1,0.000000,0.000000,1.000000,,0.193240
0,0.003939,0.006299,0.531876,,0.193240
1,-0.001380,0.006306,0.826757,,0.193240
2,-0.002103,0.006343,0.740285,,0.193240
3,-0.001604,0.007243,0.824826,,0.193240
