event_time,coef,se,pval,sig,pretrend_p
-3,-0.000755,0.015591,0.961390,,0.952166
-2,0.001897,0.014481,0.895772,,0.952166
-1,0.000000,0.000000,1.000000,,0.952166
0,-0.003351,0.013364,0.802019,,0.952166
1,0.001300,0.017390,0.940402,,0.952166
2,0.006234,0.016492,0.705504,,0.952166
3,0.001326,0.013425,0.921338,,0.952166
