event_time,coef,se,pval,sig,pretrend_p
-3,0.001319,0.003136,0.674162,,0.381381
-2,-0.002938,0.003454,0.395127,,0.381381
-1,0.000000,0.000000,1.000000,,0.381381
0,0.000768,0.003347,0.818522,,0.381381
1,0.002112,0.003946,0.592586,,0.381381
2,-0.000743,0.004104,0.856292,,0.381381
3,-0.001778,0.003990,0.655977,,0.381381
