event_time,coef,se,pval,sig,pretrend_p
-3,-0.000479,0.003521,0.891743,,0.703392
-2,-0.002615,0.003479,0.452444,,0.703392
-1,0.000000,0.000000,1.000000,,0.703392
0,0.003337,0.003702,0.367547,,0.703392
1,0.003311,0.004377,0.449579,,0.703392
2,0.001177,0.005068,0.816448,,0.703392
3,0.002657,0.005301,0.616306,,0.703392
